{
  "project_info": {
    "project_number": "202612977989",
    "project_id": "gla-erikshaw",
    "storage_bucket": "gla-erikshaw.appspot.com"
  },
  "client": [
    {
      "client_info": {
        "mobilesdk_app_id": "1:202612977989:android:e7ea15be52a5f728ca0e2c",
        "android_client_info": {
          "package_name": "com.example.homepage"
        }
      },
      "oauth_client": [
        {
          "client_id": "202612977989-10f0r1i57noing145aci800ojjhkh7c4.apps.googleusercontent.com",
          "client_type": 3
        }
      ],
      "api_key": [
        {
          "current_key": "AIzaSyAQpdtwRwBITXLK2ySmxJu8czoo1ZQqraQ"
        }
      ],
      "services": {
        "appinvite_service": {
          "other_platform_oauth_client": [
            {
              "client_id": "202612977989-10f0r1i57noing145aci800ojjhkh7c4.apps.googleusercontent.com",
              "client_type": 3
            }
          ]
        }
      }
    }
  ],
  "configuration_version": "1"
}